ADNANKHASGI + hog = adnankhashoggi
ATEHIGHOFFTHE + hog = atehighoffthehog
ATEHIGHONTHE + hog = atehighonthehog
BALL + hog = ballhog
BALLS + hog = ballhogs
BED + hog = bedhog
BEDS + hog = bedhogs
BEWILDABOUT + hog = behogwildabout
BENAN + hog = benhogan
BLANKET + hog = blankethog
BLANKETS + hog = blankethogs
BOSSG + hog = bosshogg
BUSH + hog = bushhog
CHROMOLITRAPHY + hog = chromolithography
CUYAA + hog = cuyahoga
DONTBEA + hog = dontbeahog
DONTTHECOVERS + hog = donthogthecovers
EATHIGHOFFTHE + hog = eathighoffthehog
EATHIGHONTHE + hog = eathighonthehog
EATINGHIGHOFFTHE + hog = eatinghighoffthehog
EATINGHIGHONTHE + hog = eatinghighonthehog
EATSHIGHOFFTHE + hog = eatshighoffthehog
EATSHIGHONTHE + hog = eatshighonthehog
FATASA + hog = fatasahog
GAS + hog = gashog
GASS + hog = gashogs
GOESWILD + hog = goeshogwild
GOESWHOLE + hog = goeswholehog
GOWILD + hog = gohogwild
GOINGWILD + hog = goinghogwild
GOINGWHOLE + hog = goingwholehog
GOWHOLE + hog = gowholehog
GROUND + hog = groundhog
GROUNDDAY + hog = groundhogday
GROUNDS + hog = groundhogs
GROUNDSDAY + hog = groundhogsday
HALTWOESTHERE + hog = haltwhogoesthere
HEDGE + hog = hedgehog
HEDGES + hog = hedgehogs
HIGHOFFTHE + hog = highoffthehog
HIGHONTHE + hog = highonthehog
AN + hog = hogan
ANFAMILY + hog = hoganfamily
ANS + hog = hogans
ANSHEROES + hog = hogansheroes
ARTH + hog = hogarth
AUGE + hog = hogauge
BACK + hog = hogback
BACKS + hog = hogbacks
CALL + hog = hogcall
CALLER + hog = hogcaller
CALLERS + hog = hogcallers
CALLING + hog = hogcalling
CALLS + hog = hogcalls
E + hog = hoge
FUEL + hog = hogfuel
G + hog = hogg
GED + hog = hogged
GEDTHEBALL + hog = hoggedtheball
GEDTHEBLANKETS + hog = hoggedtheblankets
GEDTHESPOTLIGHT + hog = hoggedthespotlight
GER + hog = hogger
GET + hog = hogget
GING + hog = hogging
GINGTHEBALL + hog = hoggingtheball
GINGTHEBLANKETS + hog = hoggingtheblankets
GINGTHESPOTLIGHT + hog = hoggingthespotlight
GISH + hog = hoggish
GS + hog = hoggs
HEAVEN + hog = hogheaven
MANAY + hog = hogmanay
NOSE + hog = hognose
NOSED + hog = hognosed
S + hog = hogs
SCORE + hog = hogscore
SHEAD + hog = hogshead
SHEADS + hog = hogsheads
STHEBALL + hog = hogstheball
STHEBLANKETS + hog = hogstheblankets
STHESPOTLIGHT + hog = hogsthespotlight
THEBALL + hog = hogtheball
THEBLANKETS + hog = hogtheblankets
THELIMELIGHT + hog = hogthelimelight
THESPOTLIGHT + hog = hogthespotlight
TIE + hog = hogtie
TIED + hog = hogtied
TIES + hog = hogties
TYING + hog = hogtying
UE + hog = hogue
WARTS + hog = hogwarts
WARTSEXPRESS + hog = hogwartsexpress
WARTSHOUSE + hog = hogwartshouse
WARTSHOUSES + hog = hogwartshouses
WASH + hog = hogwash
WASHES + hog = hogwashes
WEED + hog = hogweed
WEEDS + hog = hogweeds
WILD + hog = hogwild
HULKAN + hog = hulkhogan
IMAG + hog = imahogg
INHEAVEN + hog = inhogheaven
LITRAPH + hog = lithograph
LITRAPHER + hog = lithographer
LITRAPHERS + hog = lithographers
LITRAPHIC + hog = lithographic
LITRAPHS + hog = lithographs
LITRAPHY + hog = lithography
LIVEDHIGHOFFTHE + hog = livedhighoffthehog
LIVEDHIGHONTHE + hog = livedhighonthehog
LIVEHIGHOFFTHE + hog = livehighoffthehog
LIVEHIGHONTHE + hog = livehighonthehog
LIVESHIGHOFFTHE + hog = liveshighoffthehog
LIVESHIGHONTHE + hog = liveshighonthehog
LIVINGHIGHOFFTHE + hog = livinghighoffthehog
LIVINGHIGHONTHE + hog = livinghighonthehog
MAANIES + hog = mahoganies
MAANY + hog = mahogany
MEMORY + hog = memoryhog
MEMORYS + hog = memoryhogs
MORPENESIS + hog = morphogenesis
MUCUSTO + hog = muchogusto
NOGING + hog = nohogging
ORTONAL + hog = orthogonal
ORTRAPHER + hog = orthographer
ORTRAPHERS + hog = orthographers
ORTRAPHIC + hog = orthographic
ORTRAPHICAL + hog = orthographical
ORTRAPHICALLY + hog = orthographically
ORTRAPHY + hog = orthography
PANCONZALES + hog = panchogonzales
PATEN + hog = pathogen
PATENESIS + hog = pathogenesis
PATENETIC + hog = pathogenetic
PATENIC + hog = pathogenic
PATENS + hog = pathogens
PAULAN + hog = paulhogan
PHOTOLITRAPHY + hog = photolithography
PSYCENIC + hog = psychogenic
QUA + hog = quahog
QUAS + hog = quahogs
RAZORBACK + hog = razorbackhog
ROAD + hog = roadhog
ROADS + hog = roadhogs
SAND + hog = sandhog
SANDS + hog = sandhogs
SEA + hog = seahog
SI + hog = shogi
SUN + hog = shogun
SUNATE + hog = shogunate
SUNATES + hog = shogunates
SUNS + hog = shoguns
SUNWARRIOR + hog = shogunwarrior
SUNWARRIORS + hog = shogunwarriors
SONICTHEHEDGE + hog = sonicthehedgehog
SWEAT + hog = sweathog
SWEATS + hog = sweathogs
TACRAPH + hog = tachograph
THEWARTSEXPRESS + hog = thehogwartsexpress
THESWEATS + hog = thesweathogs
TOKUGAWASUNATE + hog = tokugawashogunate
WENTWILD + hog = wenthogwild
WENTWHOLE + hog = wentwholehog
WIVESAFIG + hog = whogivesafig
WOESTHERE + hog = whogoesthere
WHOLE + hog = wholehog
WILLIAMARTH + hog = williamhogarth
