ABOVETHEF + ray = abovethefray
AFF + ray = affray
AFFS + ray = affrays
ALDO + ray = aldoray
ALPHA + ray = alpharay
ALPHAS + ray = alpharays
AMSC + ray = amscray
AMSCED + ray = amscrayed
AMSCS + ray = amscrays
ANDYMUR + ray = andymurray
A + ray = aray
AOFHOPE + ray = arayofhope
AR + ray = array
ARAL + ray = arrayal
ARED + ray = arrayed
ARER + ray = arrayer
ARERS + ray = arrayers
ARING + ray = arraying
ARS + ray = arrays
ARTHURMUR + ray = arthurmurray
ASAG + ray = asagray
ASHG + ray = ashgray
ASHT + ray = ashtray
ASHTS + ray = ashtrays
AST + ray = astray
AWINGANDAPER + ray = awingandaprayer
BAKINGT + ray = bakingtray
BAKINGTS + ray = bakingtrays
BART + ray = bartray
BARTS + ray = bartrays
BEARSP + ray = bearspray
BETA + ray = betaray
BETAS + ray = betarays
BET + ray = betray
BETAL + ray = betrayal
BETALS + ray = betrayals
BETED + ray = betrayed
BETER + ray = betrayer
BETERS + ray = betrayers
BETING + ray = betraying
BETS + ray = betrays
BEWED + ray = bewrayed
BEWS + ray = bewrays
BILLMUR + ray = billmurray
BILLYCYRUS + ray = billyraycyrus
BLUEANDG + ray = blueandgray
BLU + ray = bluray
BLUDISC + ray = bluraydisc
BLUDISCS + ray = bluraydiscs
BOBAND + ray = bobandray
BODYSP + ray = bodyspray
BODYSPS + ray = bodysprays
BOOKOFCOMMONPER + ray = bookofcommonprayer
B + ray = bray
BED + ray = brayed
BER + ray = brayer
BERS + ray = brayers
BING + ray = braying
BS + ray = brays
BUGSP + ray = bugspray
BUGSPER + ray = bugsprayer
BUGSPERS + ray = bugsprayers
BUGSPS + ray = bugsprays
CAFETERIAT + ray = cafeteriatray
CAFETERIATS + ray = cafeteriatrays
CALLSTOPER + ray = callstoprayer
CALLTOPER + ray = calltoprayer
CA + ray = caray
CARBONNANOTUBEAR + ray = carbonnanotubearray
CARBONNANOTUBEARS + ray = carbonnanotubearrays
CAUGHTAFEWS + ray = caughtafewrays
CAUGHTSOMES + ray = caughtsomerays
CHAMB + ray = chambray
CHAMBS + ray = chambrays
CHEESET + ray = cheesetray
CHEESETS + ray = cheesetrays
CHESTX + ray = chestxray
CHESTXS + ray = chestxrays
COSMIC + ray = cosmicray
COSMICS + ray = cosmicrays
C + ray = cray
COLA + ray = crayola
COLAS + ray = crayolas
CON + ray = crayon
CONED + ray = crayoned
CONING + ray = crayoning
CONS + ray = crayons
CONSHARPENER + ray = crayonsharpener
CONSHARPENERS + ray = crayonsharpeners
CS + ray = crays
CROPSPER + ray = cropsprayer
DAPPLEG + ray = dapplegray
DARKG + ray = darkgray
DAVIDG + ray = davidgray
DAYOFPER + ray = dayofprayer
DEATH + ray = deathray
DEATHS + ray = deathrays
DEF + ray = defray
DEFAL + ray = defrayal
DEFALS + ray = defrayals
DEFED + ray = defrayed
DEFING + ray = defraying
DEFMENT + ray = defrayment
DEFS + ray = defrays
DEL + ray = delray
DELTA + ray = deltaray
DENTALX + ray = dentalxray
DENTALXS + ray = dentalxrays
DESSERTT + ray = desserttray
DEVIL + ray = devilray
DEVILS + ray = devilrays
DIALAPER + ray = dialaprayer
DICKGSON + ray = dickgrayson
DIDNTHAVEAPER + ray = didnthaveaprayer
DIGITALX + ray = digitalxray
DISAR + ray = disarray
DISARED + ray = disarrayed
DISARING + ray = disarraying
DISARS + ray = disarrays
DISCTS + ray = disctrays
DIXYLEE + ray = dixyleeray
DNAMICROAR + ray = dnamicroarray
DNAMICROARS + ray = dnamicroarrays
DORIANG + ray = doriangray
D + ray = dray
DAGE + ray = drayage
DED + ray = drayed
DMAN + ray = drayman
DS + ray = drays
DYARD + ray = drayyard
EATPLOVE + ray = eatpraylove
EGGT + ray = eggtray
EGGTS + ray = eggtrays
ELECTRIC + ray = electricray
ELISHAG + ray = elishagray
ENTERINGTHEF + ray = enteringthefray
ERING + ray = eringray
EST + ray = estray
FAB + ray = fabray
FAYW + ray = faywray
FINESP + ray = finespray
FLORALSPS + ray = floralsprays
FMURABRAHAM + ray = fmurrayabraham
FO + ray = foray
FOED + ray = forayed
FOER + ray = forayer
FOERS + ray = forayers
FOING + ray = foraying
FOS + ray = forays
F + ray = fray
FED + ray = frayed
FEDEDGE + ray = frayededge
FEDEDGES + ray = frayededges
FEDNERVES + ray = frayednerves
FING + ray = fraying
FINGNERVES + ray = frayingnerves
FS + ray = frays
FREDMACMUR + ray = fredmacmurray
GAMMA + ray = gammaray
GAMMAS + ray = gammarays
GENERALDISAR + ray = generaldisarray
GENEBURN + ray = generayburn
GETG + ray = getgray
GOAST + ray = goastray
GOESAST + ray = goesastray
GOESG + ray = goesgray
GOG + ray = gogray
GOINGAST + ray = goingastray
GOINGG + ray = goinggray
GONEAST + ray = goneastray
G + ray = gray
GAREA + ray = grayarea
GAREAS + ray = grayareas
GBEARD + ray = graybeard
GBEARDS + ray = graybeards
GBLUE + ray = grayblue
GCELL + ray = graycell
GCELLS + ray = graycells
GCO + ray = grayco
GDAVIS + ray = graydavis
GED + ray = grayed
GER + ray = grayer
GEST + ray = grayest
GGOO + ray = graygoo
GHAIR + ray = grayhair
GHAIRED + ray = grayhaired
GHAIRS + ray = grayhairs
GING + ray = graying
GISH + ray = grayish
GLADY + ray = graylady
GLAG + ray = graylag
GLING + ray = grayling
GLINGS + ray = graylings
GLY + ray = grayly
GMARKET + ray = graymarket
GMATTER + ray = graymatter
GNESS + ray = grayness
GNOR + ray = graynor
GS + ray = grays
GSANATOMY + ray = graysanatomy
GSCALE + ray = grayscale
GSON + ray = grayson
GSQUIRREL + ray = graysquirrel
GSQUIRRELS + ray = graysquirrels
GUNMETALG + ray = gunmetalgray
HADNOPER + ray = hadnoprayer
HAIRSP + ray = hairspray
HAIRSPS + ray = hairsprays
HARRYCA + ray = harrycaray
HASNOPER + ray = hasnoprayer
HAVENOPER + ray = havenoprayer
HEAT + ray = heatray
HEATS + ray = heatrays
HENRYG + ray = henrygray
HIPHIPHOO + ray = hiphiphooray
HOO + ray = hooray
HOOED + ray = hoorayed
HOOS + ray = hoorays
HUR + ray = hurray
ICECUBET + ray = icecubetray
ICECUBETS + ray = icecubetrays
ICET + ray = icetray
ICETS + ray = icetrays
INDISAR + ray = indisarray
INFRARED + ray = infraredray
INFRAREDS + ray = infraredrays
INSECTSP + ray = insectspray
INSECTSPS + ray = insectsprays
INT + ray = intray
INTS + ray = intrays
IP + ray = ipray
IRONG + ray = irongray
JAWXS + ray = jawxrays
JOHNG + ray = johngray
JUMPEDINTOTHEF + ray = jumpedintothefray
JUMPINGINTOTHEF + ray = jumpingintothefray
JUMPINTOTHEF + ray = jumpintothefray
JUMPSINTOTHEF + ray = jumpsintothefray
KBROTHERS + ray = kraybrothers
LEADAST + ray = leadastray
LEADINGAST + ray = leadingastray
LEADSAST + ray = leadsastray
LEDAST + ray = ledastray
LETTERT + ray = lettertray
LETTERTS + ray = lettertrays
LETUSP + ray = letuspray
LIGHTG + ray = lightgray
LIGHTS + ray = lightrays
LIKEAPER + ray = likeaprayer
LINDAG + ray = lindagray
LIVINONAPER + ray = livinonaprayer
LORDSPER + ray = lordsprayer
LUNCHT + ray = lunchtray
LUNCHTS + ray = lunchtrays
LU + ray = luray
MACYG + ray = macygray
MAKEUPT + ray = makeuptray
MAKEUPTS + ray = makeuptrays
MAN + ray = manray
MANS + ray = manrays
MARTHAE + ray = martharaye
MEALT + ray = mealtray
MO + ray = moray
MOS + ray = morays
MORNINGPER + ray = morningprayer
MUR + ray = murray
MURRIVER + ray = murrayriver
MURTHEK + ray = murraythek
NANETTEFAB + ray = nanettefabray
NANOTUBEAR + ray = nanotubearray
NANOTUBEARS + ray = nanotubearrays
NASALSP + ray = nasalspray
NASALSPS + ray = nasalsprays
NOSESP + ray = nosespray
NOSESPS + ray = nosesprays
NOTAPER + ray = notaprayer
OCEANSP + ray = oceanspray
OLA + ray = olaray
OPENINGPER + ray = openingprayer
ORDEREDAR + ray = orderedarray
ORDEREDARS + ray = orderedarrays
OUTT + ray = outtray
OUTTS + ray = outtrays
PAINTSPER + ray = paintsprayer
PAINTSPERS + ray = paintsprayers
PARTYT + ray = partytray
PARTYTS + ray = partytrays
PAULIMUR + ray = paulimurray
PEARLG + ray = pearlgray
PEPPERSP + ray = pepperspray
PEPPERSPED + ray = peppersprayed
PEPPERSPING + ray = pepperspraying
PEPPERSPS + ray = peppersprays
PHASERBEAMAR + ray = phaserbeamarray
PHASERBEAMARS + ray = phaserbeamarrays
PICTUREOFDORIANG + ray = pictureofdoriangray
PIETNOR + ray = pietraynor
PORT + ray = portray
PORTAL + ray = portrayal
PORTALS + ray = portrayals
PORTED + ray = portrayed
PORTER + ray = portrayer
PORTING + ray = portraying
PORTS + ray = portrays
P + ray = pray
PDO + ray = praydo
PED + ray = prayed
PEDFOR + ray = prayedfor
PEDFORRAIN + ray = prayedforrain
PEDTO + ray = prayedto
PER + ray = prayer
PERBEADS + ray = prayerbeads
PERBOOK + ray = prayerbook
PERBOOKS + ray = prayerbooks
PERCANDLE + ray = prayercandle
PERCANDLES + ray = prayercandles
PERFUL + ray = prayerful
PERMAT + ray = prayermat
PERMATS + ray = prayermats
PERMEETING + ray = prayermeeting
PERMEETINGS + ray = prayermeetings
PERRUG + ray = prayerrug
PERRUGS + ray = prayerrugs
PERS + ray = prayers
PERSERVICE + ray = prayerservice
PERSERVICES + ray = prayerservices
PERSHAWL + ray = prayershawl
PERSHAWLS + ray = prayershawls
PFOR + ray = prayfor
PFORME + ray = prayforme
PFORRAIN + ray = prayforrain
PING + ray = praying
PINGFOR + ray = prayingfor
PINGFORRAIN + ray = prayingforrain
PINGTO + ray = prayingto
PS + ray = prays
PSFOR + ray = praysfor
PSFORRAIN + ray = praysforrain
PSTO + ray = praysto
PTELL + ray = praytell
PTO + ray = prayto
PTOTHEPORCELAINGOD + ray = praytotheporcelaingod
RACHAEL + ray = rachaelray
A + ray = raya
ALLEN + ray = rayallen
BAN + ray = rayban
BANS + ray = raybans
BOLGER + ray = raybolger
BRADBURY + ray = raybradbury
BROWN + ray = raybrown
BURN + ray = rayburn
CHARLES + ray = raycharles
DAVIES + ray = raydavies
DONOVAN + ray = raydonovan
E + ray = raye
ED + ray = rayed
ES + ray = rayes
GUN + ray = raygun
GUNS + ray = rayguns
ING + ray = raying
J + ray = rayj
KROC + ray = raykroc
LEIGH + ray = rayleigh
LESS + ray = rayless
LEWIS + ray = raylewis
LIOTTA + ray = rayliotta
MILLAND + ray = raymilland
MOND + ray = raymond
MONDBURR + ray = raymondburr
MONDCARVER + ray = raymondcarver
MONDCHANDLER + ray = raymondchandler
MONDMASSEY + ray = raymondmassey
NAGIN + ray = raynagin
OFHOPE + ray = rayofhope
OFLIGHT + ray = rayoflight
OFSUNSHINE + ray = rayofsunshine
ON + ray = rayon
ONFIBER + ray = rayonfiber
ONS + ray = rayons
OVAC + ray = rayovac
PARKER + ray = rayparker
PARKERJR + ray = rayparkerjr
PRICE + ray = rayprice
ROMANO + ray = rayromano
S + ray = rays
SOFHOPE + ray = raysofhope
SOFLIGHT + ray = raysoflight
SOFSUNSHINE + ray = raysofsunshine
THEON + ray = raytheon
WALSTON + ray = raywalston
RELISHT + ray = relishtray
RELISHTS + ray = relishtrays
RESPED + ray = resprayed
SAIDAPER + ray = saidaprayer
SAIDONESPERS + ray = saidonesprayers
SALTSP + ray = saltspray
SALTSPS + ray = saltsprays
SAMBURN + ray = samrayburn
SATYAJIT + ray = satyajitray
SAYAPER + ray = sayaprayer
SAYINGAPER + ray = sayingaprayer
SAYSAPER + ray = saysaprayer
SAYSONESPERS + ray = saysonesprayers
SEASP + ray = seaspray
SEATBACKT + ray = seatbacktray
SEATBACKTS + ray = seatbacktrays
SEYMOURC + ray = seymourcray
SHADESOFG + ray = shadesofgray
SHRINK + ray = shrinkray
SHRINKS + ray = shrinkrays
SILVERT + ray = silvertray
SILVERTS + ray = silvertrays
SLATEG + ray = slategray
SNACKT + ray = snacktray
SOLARAR + ray = solararray
SOLARS + ray = solarrays
SP + ray = spray
SPBOTTLE + ray = spraybottle
SPBOTTLES + ray = spraybottles
SPCAN + ray = spraycan
SPCANS + ray = spraycans
SPED + ray = sprayed
SPEDON + ray = sprayedon
SPER + ray = sprayer
SPERS + ray = sprayers
SPGUN + ray = spraygun
SPGUNS + ray = sprayguns
SPING + ray = spraying
SPINGON + ray = sprayingon
SPNOZZLE + ray = spraynozzle
SPNWASH + ray = spraynwash
SPON + ray = sprayon
SPONSTARCH + ray = sprayonstarch
SPONTAN + ray = sprayontan
SPONTANS + ray = sprayontans
SPPAINT + ray = spraypaint
SPPAINTED + ray = spraypainted
SPPAINTING + ray = spraypainting
SPPAINTS + ray = spraypaints
SPS + ray = sprays
SPSON + ray = sprayson
SPTAN + ray = spraytan
SPTANNED + ray = spraytanned
SPTANNING + ray = spraytanning
SPTANS + ray = spraytans
STEVIE + ray = stevieray
ST + ray = stray
STED + ray = strayed
STER + ray = strayer
STERS + ray = strayers
STING + ray = straying
STS + ray = strays
SUGAR + ray = sugarray
SUGARLEONARD + ray = sugarrayleonard
SUGARROBINSON + ray = sugarrayrobinson
SUN + ray = sunray
SUNS + ray = sunrays
TAKESXS + ray = takesxrays
TAMPABAY + ray = tampabayray
TAMPABAYS + ray = tampabayrays
TANIKA + ray = tanikaray
TANQUE + ray = tanqueray
TATTLETALEG + ray = tattletalegray
TEAT + ray = teatray
TEATS + ray = teatrays
THACKE + ray = thackeray
THEBOOKOFCOMMONPER + ray = thebookofcommonprayer
THEGLADY + ray = thegraylady
THELORDSPER + ray = thelordsprayer
THEPICTUREOFDORIANG + ray = thepictureofdoriangray
THOMASG + ray = thomasgray
T + ray = tray
TFUL + ray = trayful
TFULS + ray = trayfuls
TNOR + ray = traynor
TS + ray = trays
TTABLE + ray = traytable
TTABLES + ray = traytables
TVON + ray = trayvon
TVT + ray = tvtray
TVTS + ray = tvtrays
TYMUR + ray = tymurray
ULTRAVIOLET + ray = ultravioletray
ULTRAVIOLETS + ray = ultravioletrays
UNSPOKENPERS + ray = unspokenprayers
UV + ray = uvray
UVS + ray = uvrays
VASTAR + ray = vastarray
VEGGIET + ray = veggietray
VEGGIETS + ray = veggietrays
VIOLET + ray = violetray
VIOLETS + ray = violetrays
WENTAST + ray = wentastray
WENTG + ray = wentgray
WINGANDAPER + ray = wingandaprayer
W + ray = wray
WRISTXS + ray = wristxrays
X + ray = xray
XBEAM + ray = xraybeam
XBEAMS + ray = xraybeams
XCAMERA + ray = xraycamera
XCAMERAS + ray = xraycameras
XDIFFRACTION + ray = xraydiffraction
XED + ray = xrayed
XEXAM + ray = xrayexam
XEXAMS + ray = xrayexams
XEYES + ray = xrayeyes
XFILM + ray = xrayfilm
XING + ray = xraying
XLAB + ray = xraylab
XLABS + ray = xraylabs
XMACHINE + ray = xraymachine
XRESULT + ray = xrayresult
XS + ray = xrays
XSPECS + ray = xrayspecs
XSPEX + ray = xrayspex
XTECH + ray = xraytech
XTECHNICIAN + ray = xraytechnician
XTECHNICIANS + ray = xraytechnicians
XTECHS + ray = xraytechs
XTUBE + ray = xraytube
XTUBES + ray = xraytubes
XUNIT + ray = xrayunit
XVISION + ray = xrayvision
