aboat -> abat
abou -> abu
about -> abut
absurdo -> absurd
achoo -> ach
achoos -> achs
acoat -> acat
acool -> acl
acro -> acr
actio -> acti
action -> actin
acto -> act
actso -> acts
addon -> addn
adeno -> aden
ados -> ads
adot -> adt
adoze -> adze
adriano -> adrian
aero -> aer
afloat -> aflat
afool -> afl
afoot -> aft
afor -> afr
afro -> afr
agio -> agi
agoal -> agal
agon -> agn
agora -> agra
agro -> agr
ahome -> ahme
ahso -> ahs
aino -> ain
albano -> alban
alberto -> albert
albertos -> alberts
albino -> albin
albion -> albin
aldo -> ald
aldos -> alds
alero -> aler
aleros -> alers
alfredo -> alfred
algoid -> algid
alioto -> alit
aliso -> alis
alito -> alit
allo -> all
alloy -> ally
alloying -> allying
alloys -> allys
allso -> alls
alo -> al
aload -> alad
aloan -> alan
aloe -> ale
aloerter -> alerter
aloes -> ales
alog -> alg
alois -> alis
aloof -> alf
alook -> alk
aloop -> alp
alop -> alp
alot -> alt
alpo -> alp
also -> als
alto -> alt
altos -> alts
alvaro -> alvar
amado -> amad
amato -> amat
ambo -> amb
americano -> american
americanos -> americans
amino -> amin
amoan -> aman
amoco -> amc
amoeba -> ameba
amoebae -> amebae
amoebas -> amebas
amoebic -> amebic
amof -> amf
amoi -> ami
amoot -> amt
amos -> ams
amour -> amur
amouse -> amuse
amoy -> amy
ampoule -> ampule
ampoules -> ampules
amso -> ams
amto -> amt
amtoo -> amt
andlo -> andl
andos -> ands
andreotti -> andretti
andso -> ands
angelo -> angel
angelos -> angels
anion -> anin
anno -> ann
anoa -> ana
anod -> and
anodes -> andes
anoka -> anka
anon -> ann
anono -> ann
anos -> ans
anose -> anse
anote -> ante
another -> anther
anothers -> anthers
anout -> anut
anselmo -> anselm
aol -> al
aoler -> aler
aolers -> alers
aone -> ane
aones -> anes
aorb -> arb
aorta -> arta
aout -> aut
apiano -> apian
apnoea -> apnea
apoet -> apet
apoor -> apr
apop -> app
apos -> aps
apose -> apse
apot -> apt
apso -> aps
arachnoid -> arachnid
arado -> arad
arco -> arc
arcos -> arcs
arenot -> arent
areo -> are
areso -> ares
argento -> argent
argo -> arg
ariose -> arise
arioso -> aris
armando -> armand
arno -> arn
aroad -> arad
arod -> ard
aroid -> arid
aroma -> arma
aromas -> armas
aron -> arn
aroom -> arm
aros -> ars
arose -> arse
artois -> artis
artoo -> art
arturo -> artur
arturos -> arturs
asado -> asad
ashoe -> ashe
asob -> asb
asok -> ask
asop -> asp
asor -> asr
asou -> asu
assoon -> assn
assyro -> assyr
astero -> aster
asto -> ast
astor -> astr
astro -> astr
astroid -> astrid
atco -> atc
ateno -> aten
ateon -> aten
ateso -> ates
athos -> aths
ation -> atin
atmo -> atm
atmos -> atms
atoe -> ate
atoi -> ati
atom -> atm
atoms -> atms
atool -> atl
atoot -> att
atop -> atp
atto -> att
audio -> audi
audios -> audis
augusto -> august
auto -> aut
aveo -> ave
aviso -> avis
avoid -> avid
awol -> awl
awols -> awls
awoman -> awman
baboo -> bab
baboos -> babs
baco -> bac
badomen -> badmen
baio -> bai
ballo -> ball
baloo -> bal
balto -> balt
banco -> banc
bandito -> bandit
banditos -> bandits
bando -> band
bano -> ban
banos -> bans
bardo -> bard
barnardo -> barnard
baro -> bar
barof -> barf
barograph -> bargraph
barographs -> bargraphs
baron -> barn
baronet -> barnet
barons -> barns
baroque -> barque
baroques -> barques
basho -> bash
basso -> bass
batho -> bath
bathos -> baths
beano -> bean
bedouins -> beduins
bello -> bell
belot -> belt
beno -> ben
bento -> bent
beon -> ben
beone -> bene
beonto -> bent
bernardo -> bernard
beso -> bes
besos -> bess
besot -> best
besots -> bests
bestboy -> bestby
beto -> bet
bigdo -> bigd
bigo -> big
bilko -> bilk
billyo -> billy
bingo -> bing
bingos -> bings
biog -> big
biogas -> bigas
biol -> bil
bion -> bin
biondi -> bindi
bios -> bis
bito -> bit
blanco -> blanc
bloat -> blat
bloats -> blats
bloom -> blm
blot -> blt
blots -> blts
bluetango -> bluetang
boac -> bac
boar -> bar
board -> bard
boarded -> barded
boarding -> barding
boards -> bards
boars -> bars
boas -> bas
boast -> bast
boasted -> basted
boaster -> baster
boasters -> basters
boasting -> basting
boasts -> basts
boat -> bat
boated -> bated
boating -> bating
boatman -> batman
boatmen -> batmen
boats -> bats
boatsman -> batsman
boaz -> baz
boba -> bba
bobs -> bbs
bocci -> bcci
bods -> bds
boeing -> being
bofa -> bfa
boff -> bff
boffo -> bff
boffos -> bffs
boffs -> bffs
boil -> bil
boing -> bing
bois -> bis
boise -> bise
boite -> bite
boites -> bites
boito -> bit
boks -> bks
bolas -> blas
bolt -> blt
bolts -> blts
booat -> bat
booboos -> bbs
boobs -> bbs
booed -> bed
booing -> bing
books -> bks
booradley -> bradley
boors -> brs
boots -> bts
booya -> bya
bops -> bps
bora -> bra
borah -> brah
borat -> brat
bored -> bred
boreon -> bren
borer -> brer
borers -> brers
boric -> bric
borides -> brides
boring -> bring
borings -> brings
boris -> bris
boros -> brs
bors -> brs
bosc -> bsc
bosco -> bsc
bose -> bse
boss -> bss
bots -> bts
bound -> bund
bounds -> bunds
boundto -> bundt
bourg -> burg
bourgs -> burgs
bourns -> burns
bourse -> burse
boused -> bused
bouses -> buses
bout -> but
bouts -> buts
boys -> bys
bracero -> bracer
braceros -> bracers
braino -> brain
brando -> brand
brasso -> brass
bravo -> brav
bravoed -> braved
bravoes -> braves
brazo -> braz
brion -> brin
briony -> briny
broad -> brad
broads -> brads
bros -> brs
broun -> brun
bruno -> brun
btwo -> btw
bucko -> buck
buco -> buc
bueno -> buen
bunion -> bunin
bunko -> bunk
bunkos -> bunks
buon -> bun
buono -> bun
buoy -> buy
buoying -> buying
buoys -> buys
buoysup -> buysup
buoyup -> buyup
burgoo -> burg
burgoos -> burgs
burro -> burr
burros -> burrs
cabo -> cab
calculous -> calculus
callous -> callus
calloused -> callused
callouses -> calluses
calvino -> calvin
cameo -> came
camo -> cam
camos -> cams
campo -> camp
campos -> camps
canio -> cani
cano -> can
canoe -> cane
canoed -> caned
canoer -> caner
canoers -> caners
canoes -> canes
canoneos -> cannes
canoodle -> candle
canoodled -> candled
canoodles -> candles
canoodling -> candling
canso -> cans
canto -> cant
cantoo -> cant
cantos -> cants
capitalo -> capital
capo -> cap
capon -> capn
capos -> caps
capot -> capt
carbo -> carb
cardio -> cardi
carlo -> carl
carlos -> carls
carmelo -> carmel
caro -> car
carob -> carb
carobs -> carbs
carol -> carl
carole -> carle
carols -> carls
carotin -> cartin
cation -> catin
cato -> cat
cattoy -> catty
cello -> cell
cellos -> cells
ceno -> cen
cento -> cent
centro -> centr
ceos -> ces
cero -> cer
cfos -> cfs
chango -> chang
chao -> cha
chaos -> chas
charo -> char
cheapo -> cheap
chemo -> chem
chico -> chic
chicos -> chics
chiloe -> chile
chino -> chin
chinook -> chink
chinooks -> chinks
chinos -> chins
chios -> chis
choi -> chi
choicest -> chicest
choro -> chr
chou -> chu
chrisom -> chrism
christo -> christ
ciao -> cia
cielo -> ciel
cinco -> cinc
cion -> cin
ciroc -> circ
cito -> cit
citrous -> citrus
claro -> clar
classico -> classic
clearsoup -> clearsup
cleo -> cle
clio -> cli
cluedo -> clued
coa -> ca
coached -> cached
coaches -> caches
coaching -> caching
coal -> cal
coals -> cals
coapts -> capts
coast -> cast
coaster -> caster
coasters -> casters
coasting -> casting
coasts -> casts
coat -> cat
coates -> cates
coats -> cats
coattail -> cattail
coattails -> cattails
coattree -> cattree
coattrees -> cattrees
cobs -> cbs
cocci -> ccci
code -> cde
codon -> cdn
cods -> cds
coeliac -> celiac
coen -> cen
coens -> cens
coes -> ces
cogs -> cgs
cohan -> chan
cohans -> chans
cohen -> chen
cohere -> chere
cohiba -> chiba
cohoe -> che
coin -> cin
coir -> cir
coit -> cit
cole -> cle
coli -> cli
colic -> clic
colin -> clin
coma -> cma
comas -> cmas
comdr -> cmdr
comix -> cmix
coms -> cms
conn -> cnn
cons -> cns
cooee -> cee
cooees -> cees
cooer -> cer
cooks -> cks
coolair -> clair
cooling -> cling
coolio -> cli
coons -> cns
coors -> crs
coots -> cts
copa -> cpa
copas -> cpas
coras -> cras
corea -> crea
cored -> cred
cores -> cres
cori -> cri
corot -> crt
corots -> crts
corso -> crs
cort -> crt
cory -> cry
cosa -> csa
cosi -> csi
cost -> cst
costar -> cstar
cots -> cts
coup -> cup
coups -> cups
course -> curse
coursed -> cursed
courser -> curser
coursers -> cursers
courses -> curses
court -> curt
courtesy -> curtesy
courtly -> curtly
courts -> curts
couscous -> cuscus
coyote -> cyte
crackos -> cracks
crapo -> crap
credo -> cred
creepo -> creep
creepos -> creeps
creosoted -> crested
creosoting -> cresting
cristo -> crist
croat -> crat
crouse -> cruse
crusoe -> cruse
crypto -> crypt
cubano -> cuban
cubanos -> cubans
cumulous -> cumulus
cuomo -> cum
cupo -> cup
cyano -> cyan
cyto -> cyt
dabo -> dab
daddyo -> daddy
dado -> dad
dados -> dads
dafoe -> dafe
damon -> damn
damons -> damns
damosel -> damsel
damosels -> damsels
dano -> dan
dansko -> dansk
darenot -> darent
daresto -> darest
darko -> dark
dato -> dat
davao -> dava
davidoselznick -> davidselznick
dayo -> day
dayone -> dayne
deco -> dec
delos -> dels
demento -> dement
demo -> dem
demos -> dems
denote -> dente
denoted -> dented
denoting -> denting
deon -> den
deons -> dens
deoro -> der
depot -> dept
depots -> depts
dermo -> derm
deron -> dern
destroy -> destry
detecto -> detect
detoo -> det
deuto -> deut
devo -> dev
devoice -> device
dialo -> dial
dicot -> dict
dicots -> dicts
didion -> didin
didnot -> didnt
dido -> did
dinero -> diner
dineros -> diners
dingo -> ding
dino -> din
dinos -> dins
dion -> din
dione -> dine
dior -> dir
diors -> dirs
dios -> dis
diplo -> dipl
dipso -> dips
disco -> disc
discos -> discs
dispirito -> dispirit
doak -> dak
doall -> dall
doan -> dan
doane -> dane
doans -> dans
doas -> das
dodos -> dds
doer -> der
doerr -> derr
does -> des
doesok -> desk
doevil -> devil
doha -> dha
dohs -> dhs
doido -> did
doill -> dill
doin -> din
doing -> ding
doings -> dings
dois -> dis
doit -> dit
dojos -> djs
dolor -> dlr
domed -> dmed
domingo -> dming
domino -> dmin
dominus -> dminus
doms -> dms
dona -> dna
donas -> dnas
donatesto -> dnatest
donc -> dnc
donho -> dnh
doomed -> dmed
dooming -> dming
dooms -> dms
doors -> drs
dorab -> drab
dorag -> drag
dorags -> drags
dore -> dre
dories -> dries
dork -> drk
dors -> drs
dorso -> drs
dory -> dry
dost -> dst
doteon -> dten
dots -> dts
douce -> duce
doug -> dug
dour -> dur
dourer -> durer
douro -> dur
douse -> duse
dowell -> dwell
draco -> drac
drago -> drag
dragonet -> dragnet
drawon -> drawn
dueto -> duet
dumbo -> dumb
dumbos -> dumbs
dunno -> dunn
duomo -> dum
duro -> dur
ebola -> ebla
ebon -> ebn
echo -> ech
ecko -> eck
ecto -> ect
eddo -> edd
edition -> editin
edom -> edm
edouard -> eduard
eduardo -> eduard
eeoc -> eec
eero -> eer
eeros -> eers
eggo -> egg
eggos -> eggs
egois -> egis
egos -> egs
elio -> eli
elion -> elin
elko -> elk
ello -> ell
elmo -> elm
elmos -> elms
eloan -> elan
eloi -> eli
eloin -> elin
eloise -> elise
eloises -> elises
eloper -> elper
embryo -> embry
emo -> em
emulsion -> emulsin
encore -> encre
endo -> end
enero -> ener
enol -> enl
enols -> enls
enos -> ens
enote -> ente
enotes -> entes
entero -> enter
ento -> ent
envoy -> envy
eoan -> ean
eoin -> ein
eolian -> elian
eons -> ens
eous -> eus
epos -> eps
erato -> erat
ergo -> erg
ergos -> ergs
ernesto -> ernest
erno -> ern
ernos -> erns
erode -> erde
eroica -> erica
eros -> ers
erose -> erse
esop -> esp
esops -> esps
esos -> ess
espo -> esp
espoo -> esp
esposo -> esps
esso -> ess
esto -> est
estos -> ests
estrous -> estrus
ethno -> ethn
ethos -> eths
etoiles -> etiles
etymo -> etym
euro -> eur
evenso -> evens
evero -> ever
everso -> evers
evoe -> eve
exacto -> exact
exoiler -> exiler
expo -> exp
expresso -> express
fabiano -> fabian
fabio -> fabi
facto -> fact
faro -> far
faroe -> fare
faroes -> fares
farouk -> faruk
farro -> farr
faso -> fas
fatso -> fats
feelso -> feels
fernando -> fernand
ferrero -> ferrer
fibroin -> fibrin
fillion -> fillin
filo -> fil
finno -> finn
fino -> fin
fiona -> fina
fiore -> fire
fios -> fis
fiveo -> five
flameon -> flamen
flamingo -> flaming
fleeto -> fleet
float -> flat
floats -> flats
flouted -> fluted
flouter -> fluter
flouting -> fluting
fluo -> flu
flyboy -> flyby
flyboys -> flybys
foam -> fam
foamed -> famed
fobs -> fbs
fodor -> fdr
foer -> fer
foes -> fes
foetid -> fetid
fogs -> fgs
foie -> fie
foil -> fil
foiled -> filed
foiling -> filing
foils -> fils
foist -> fist
foisted -> fisted
foists -> fists
folic -> flic
folies -> flies
fooled -> fled
fooling -> fling
foolus -> flus
foots -> fts
fora -> fra
foray -> fray
forayed -> frayed
foraying -> fraying
forays -> frays
fori -> fri
forit -> frit
fors -> frs
fotos -> fts
foul -> ful
foully -> fully
foulness -> fulness
found -> fund
founded -> funded
founder -> funder
founders -> funders
founding -> funding
founds -> funds
fount -> funt
four -> fur
fourball -> furball
fourman -> furman
fours -> furs
franco -> franc
francois -> francis
fredo -> fred
frio -> fri
frito -> frit
froid -> frid
fros -> frs
froyo -> fry
fungous -> fungus
funko -> funk
galao -> gala
galaos -> galas
gallio -> galli
gallo -> gall
gallos -> galls
galoot -> galt
gamboled -> gambled
gamboling -> gambling
gaol -> gal
gaols -> gals
garbo -> garb
garo -> gar
garros -> garrs
gasoline -> gasline
gasolines -> gaslines
gasometer -> gasmeter
gasometers -> gasmeters
gato -> gat
gatos -> gats
geno -> gen
genoa -> gena
genoas -> genas
geol -> gel
geom -> gem
geos -> ges
geraldo -> gerald
gerardo -> gerard
getso -> gets
gigo -> gig
gilberto -> gilbert
gino -> gin
ginos -> gins
gloam -> glam
gmos -> gms
gnawon -> gnawn
goad -> gad
goads -> gads
goal -> gal
goall -> gall
goals -> gals
goape -> gape
goas -> gas
goat -> gat
goats -> gats
gobos -> gbs
gobs -> gbs
gods -> gds
goer -> ger
goes -> ges
goest -> gest
goesto -> gest
goetz -> getz
goflat -> gflat
goin -> gin
goinon -> ginn
goipo -> gip
goit -> git
goman -> gman
goods -> gds
goofs -> gfs
goops -> gps
goout -> gut
gops -> gps
goran -> gran
gorangers -> grangers
gore -> gre
gores -> gres
gorey -> grey
gorier -> grier
goriot -> grit
gorp -> grp
gota -> gta
gout -> gut
gouts -> guts
gpos -> gps
gramo -> gram
grasso -> grass
greedo -> greed
grigori -> grigri
griots -> grits
groan -> gran
groats -> grats
groin -> grin
groins -> grins
gtos -> gts
gummo -> gumm
gusto -> gust
gypo -> gyp
gyro -> gyr
hallo -> hall
halloo -> hall
halloos -> halls
hallos -> halls
halo -> hal
haloed -> haled
haloes -> hales
halos -> hals
haole -> hale
haoles -> hales
harpo -> harp
hasnot -> hasnt
hasto -> hast
havenot -> havent
haveon -> haven
hecto -> hect
helico -> helic
helio -> heli
hello -> hell
hellos -> hells
hemo -> hem
hepto -> hept
hermano -> herman
hermanos -> hermans
herno -> hern
hero -> her
herod -> herd
heroes -> heres
heron -> hern
heros -> hers
hesso -> hess
hideo -> hide
hiero -> hier
hijo -> hij
histo -> hist
hmos -> hms
hoad -> had
hoag -> hag
hoar -> har
hoard -> hard
hoarder -> harder
hoarding -> harding
hoare -> hare
hobos -> hbs
hobs -> hbs
hoch -> hch
hoe -> he
hoed -> hed
hoer -> her
hoers -> hers
hoes -> hes
hoest -> hest
hohoho -> hhh
hohos -> hhs
hoicks -> hicks
hoist -> hist
homs -> hms
hooch -> hch
hooey -> hey
hoops -> hps
hoots -> hts
hops -> hps
hors -> hrs
hosing -> hsing
host -> hst
hots -> hts
hough -> hugh
hound -> hund
hour -> hur
hourly -> hurly
hugo -> hug
hugos -> hugs
hullo -> hull
hullos -> hulls
hundo -> hund
hypo -> hyp
iamso -> iams
icantoo -> icant
ideo -> ide
idio -> idi
idoido -> idid
idos -> ids
idoso -> ids
ifso -> ifs
igoon -> ign
ilose -> ilse
imagoes -> images
imof -> imf
imso -> ims
indo -> ind
info -> inf
inno -> inn
inon -> inn
inonit -> innit
inonu -> innu
inot -> int
inso -> ins
into -> int
intoo -> int
intro -> intr
iode -> ide
iodevices -> idevices
iola -> ila
iole -> ile
iona -> ina
ione -> ine
iones -> ines
ionexchange -> inexchange
ionly -> inly
ions -> ins
iota -> ita
iotas -> itas
iowas -> iwas
ipos -> ips
ipso -> ips
irido -> irid
isao -> isa
isaos -> isas
isnot -> isnt
isola -> isla
isolate -> islate
isole -> isle
isonto -> isnt
isos -> iss
isso -> iss
isto -> ist
istoo -> ist
italiano -> italian
italo -> ital
ition -> itin
itisnot -> itisnt
itno -> itn
iton -> itn
itos -> its
itso -> its
itto -> itt
ittoo -> itt
ivanov -> ivanv
ivanovo -> ivanv
jackieo -> jackie
jacko -> jack
janos -> jans
jello -> jell
jellos -> jells
joan -> jan
joanie -> janie
joann -> jann
joans -> jans
joed -> jed
joule -> jule
joules -> jules
joust -> just
jouster -> juster
judeo -> jude
judo -> jud
junco -> junc
junipero -> juniper
juno -> jun
kaon -> kan
kaons -> kans
kaos -> kas
kareno -> karen
karol -> karl
kato -> kat
kayo -> kay
kayoes -> kayes
kayos -> kays
kazoo -> kaz
keno -> ken
kenos -> kens
kiddo -> kidd
kilo -> kil
kino -> kin
klepto -> klept
knot -> knt
knots -> knts
koan -> kan
koans -> kans
kofc -> kfc
kohan -> khan
koing -> king
kops -> kps
kos -> ks
kotos -> kts
kylo -> kyl
lacto -> lact
lago -> lag
lagos -> lags
lalo -> lal
lambo -> lamb
lambos -> lambs
lando -> land
languor -> langur
laos -> las
lasso -> lass
lassoer -> lasser
lassoes -> lasses
lateon -> laten
latino -> latin
latinos -> latins
lawoman -> lawman
lbos -> lbs
leanon -> leann
leanto -> leant
leapto -> leapt
learnto -> learnt
leaveon -> leaven
leggo -> legg
lego -> leg
legoman -> legman
legomen -> legmen
legos -> legs
leno -> len
lenos -> lens
lento -> lent
lentos -> lents
leog -> leg
leoi -> lei
leon -> len
leona -> lena
leonas -> lenas
leone -> lene
leoni -> leni
leons -> lens
leos -> les
leov -> lev
leovi -> levi
leox -> lex
leoxi -> lexi
leto -> let
levo -> lev
liao -> lia
lido -> lid
lidos -> lids
lieon -> lien
liesto -> liest
likeso -> likes
lilo -> lil
limbo -> limb
limboed -> limbed
limbos -> limbs
limo -> lim
limon -> limn
limonite -> limnite
lingo -> ling
lingos -> lings
lino -> lin
lion -> lin
lionking -> linking
lipo -> lip
lipos -> lips
litho -> lith
liveon -> liven
livesto -> livest
lmno -> lmn
load -> lad
loaded -> laded
loader -> lader
loading -> lading
loadings -> ladings
loads -> lads
loam -> lam
loamed -> lamed
loams -> lams
loan -> lan
loand -> land
loaned -> laned
loans -> lans
loath -> lath
loathe -> lathe
loathed -> lathed
loather -> lather
loathers -> lathers
loathes -> lathes
loathing -> lathing
loathings -> lathings
loaves -> laves
lobar -> lbar
lobos -> lbs
lobs -> lbs
loeb -> leb
loess -> less
loesser -> lesser
loew -> lew
loews -> lews
loge -> lge
loges -> lges
logos -> lgs
logs -> lgs
loi -> li
loin -> lin
loire -> lire
lois -> lis
loiter -> liter
loiters -> liters
long -> lng
longo -> lng
lons -> lns
looey -> ley
looie -> lie
looies -> lies
loons -> lns
loops -> lps
loots -> lts
lops -> lps
lost -> lst
lotr -> ltr
lots -> lts
louann -> luann
loud -> lud
loudens -> ludens
louella -> luella
louis -> luis
louisa -> luisa
louise -> luise
lounge -> lunge
lounged -> lunged
lounger -> lunger
lounges -> lunges
lounging -> lunging
loupe -> lupe
louring -> luring
lout -> lut
loye -> lye
luciano -> lucian
ludo -> lud
lupino -> lupin
lyon -> lyn
macho -> mach
macos -> macs
magneto -> magnet
magnetos -> magnets
magoo -> mag
mahalo -> mahal
maio -> mai
mallo -> mall
malo -> mal
malto -> malt
mamo -> mam
manifesto -> manifest
manifestos -> manifests
manioc -> manic
maniocs -> manics
mano -> man
manon -> mann
manos -> mans
maori -> mari
maoris -> maris
marco -> marc
marcos -> marcs
margo -> marg
marianao -> mariana
mariano -> marian
marino -> marin
mario -> mari
marion -> marin
marios -> maris
marlo -> marl
marot -> mart
martino -> martin
maryjo -> maryj
masto -> mast
mateo -> mate
maybeso -> maybes
maynot -> maynt
mayo -> may
mayos -> mays
mccoo -> mcc
meanto -> meant
medico -> medic
medicos -> medics
medo -> med
mego -> meg
mello -> mell
melo -> mel
melos -> mels
memo -> mem
mendo -> mend
meno -> men
menot -> ment
mento -> ment
meon -> men
meor -> mer
meow -> mew
meowed -> mewed
meower -> mewer
meowing -> mewing
meows -> mews
meroe -> mere
meso -> mes
meteor -> meter
meteors -> meters
meto -> met
metoo -> met
metooer -> meter
mezzo -> mezz
mfor -> mfr
micro -> micr
milano -> milan
milo -> mil
milos -> mils
mimeo -> mime
mimeos -> mimes
mineo -> mine
mineos -> mines
mingo -> ming
minho -> minh
minos -> mins
minoso -> mins
minot -> mint
miro -> mir
miso -> mis
misos -> miss
misto -> mist
moab -> mab
moai -> mai
moan -> man
moana -> mana
moaned -> maned
moanful -> manful
moans -> mans
moas -> mas
moat -> mat
moated -> mated
moats -> mats
moca -> mca
mocs -> mcs
modi -> mdi
modoc -> mdc
mods -> mds
moe -> me
moen -> men
moes -> mes
moet -> met
moil -> mil
moils -> mils
moines -> mines
moir -> mir
moira -> mira
moire -> mire
moires -> mires
mois -> mis
moist -> mist
moister -> mister
mols -> mls
moma -> mma
mome -> mme
momoa -> mma
moms -> mms
moods -> mds
mooed -> med
mooer -> mer
moogs -> mgs
mooing -> ming
moola -> mla
moore -> mre
moored -> mred
moores -> mres
moors -> mrs
moot -> mt
moots -> mts
mops -> mps
more -> mre
mores -> mres
moreso -> mres
moros -> mrs
mort -> mrt
moss -> mss
mosso -> mss
most -> mst
mot -> mt
mota -> mta
moto -> mt
mots -> mts
mouse -> muse
moused -> mused
mouser -> muser
mousers -> musers
mouses -> muses
mousing -> musing
mousses -> musses
moustache -> mustache
moustaches -> mustaches
moustachewax -> mustachewax
moya -> mya
moyers -> myers
mucho -> much
mullion -> mullin
multipole -> multiple
mungo -> mung
muon -> mun
mustnot -> mustnt
myo -> my
myob -> myb
myosin -> mysin
mythos -> myths
naboo -> nab
nano -> nan
nanos -> nans
naoh -> nah
naos -> nas
narco -> narc
narcos -> narcs
nardo -> nard
naso -> nas
nato -> nat
neato -> neat
nebo -> neb
neednot -> neednt
neo -> ne
neon -> nen
neos -> nes
nero -> ner
neuro -> neur
newmano -> newman
newto -> newt
neyo -> ney
ngos -> ngs
niceone -> nicene
nico -> nic
nihilo -> nihil
nilo -> nil
nino -> nin
ninos -> nins
noah -> nah
noahs -> nahs
noair -> nair
noam -> nam
nobs -> nbs
nod -> nd
noe -> ne
noear -> near
noed -> ned
noel -> nel
noelle -> nelle
noels -> nels
noes -> nes
noevil -> nevil
nofool -> nfl
nogs -> ngs
noice -> nice
noit -> nit
nole -> nle
none -> nne
noobs -> nbs
nooil -> nil
noomi -> nmi
noone -> nne
nooutlet -> nutlet
nora -> nra
noth -> nth
nots -> nts
notso -> nts
noun -> nun
nouns -> nuns
nous -> nus
nowa -> nwa
noyes -> nyes
nuova -> nuva
nutso -> nuts
nympho -> nymph
nymphos -> nymphs
oafish -> afish
oafs -> afs
oarage -> arage
oared -> ared
oaring -> aring
oarmen -> armen
oars -> ars
oases -> ases
oasis -> asis
oast -> ast
oatbar -> atbar
oaten -> aten
oates -> ates
oath -> ath
oaths -> aths
oats -> ats
obad -> bad
obama -> bama
oban -> ban
oberlin -> berlin
oberon -> bern
obes -> bes
obey -> bey
obeys -> beys
obis -> bis
obit -> bit
obiter -> biter
obits -> bits
oblast -> blast
oblasts -> blasts
oblige -> blige
oboes -> bes
obrian -> brian
oca -> ca
ocanada -> canada
ocaptain -> captain
ocarina -> carina
ocarinas -> carinas
ocas -> cas
ocasey -> casey
ocat -> cat
ocedar -> cedar
ocellar -> cellar
ocelli -> celli
ocelo -> cel
ocelot -> celt
ocelots -> celts
ocher -> cher
ochoa -> cha
ochorios -> chris
ochristmastree -> christmastree
ocrea -> crea
octa -> cta
octs -> cts
oculo -> cul
odare -> dare
odas -> das
oday -> day
odds -> dds
odea -> dea
odear -> dear
odelay -> delay
odell -> dell
odense -> dense
odeon -> den
odeons -> dens
oder -> der
odes -> des
odeto -> det
odets -> dets
odeum -> deum
odic -> dic
odie -> die
odin -> din
oding -> ding
odist -> dist
odorama -> drama
odored -> dred
odors -> drs
odour -> dur
oecumenical -> ecumenical
oeds -> eds
oenone -> enne
oeste -> este
ofair -> fair
ofall -> fall
ofan -> fan
ofem -> fem
offof -> fff
ofit -> fit
ofla -> fla
oflaw -> flaw
ofour -> fur
oftwo -> ftw
ofuse -> fuse
ogage -> gage
ogam -> gam
ogauge -> gauge
ogee -> gee
ogees -> gees
ogill -> gill
ogive -> give
ogives -> gives
ogrady -> grady
ogre -> gre
ogres -> gres
ohair -> hair
ohairs -> hairs
ohara -> hara
ohare -> hare
ohcool -> hcl
ohed -> hed
oheir -> heir
ohenry -> henry
oherlihy -> herlihy
ohms -> hms
ohohoh -> hhh
ohohs -> hhs
oiled -> iled
oiler -> iler
oils -> ils
oingo -> ing
oink -> ink
oinked -> inked
oinker -> inker
oinkers -> inkers
oinking -> inking
oinks -> inks
oise -> ise
ojai -> jai
ojay -> jay
ojays -> jays
okay -> kay
okays -> kays
okeefe -> keefe
okey -> key
oking -> king
okra -> kra
oks -> ks
okso -> ks
olan -> lan
oland -> land
olas -> las
olathe -> lathe
olav -> lav
olavs -> lavs
olay -> lay
olds -> lds
olea -> lea
olean -> lean
oleander -> leander
oleanna -> leanna
oleary -> leary
oled -> led
oleds -> leds
oleg -> leg
olegs -> legs
oleine -> leine
olen -> len
oleos -> les
oles -> les
oleta -> leta
olevel -> level
olga -> lga
olid -> lid
olin -> lin
olinda -> linda
oline -> line
olines -> lines
olingo -> ling
olingos -> lings
olio -> li
olios -> lis
olive -> live
olivegreen -> livegreen
oliver -> liver
olivers -> livers
olives -> lives
olivia -> livia
omagazine -> magazine
omahan -> mahan
oman -> man
omani -> mani
omanis -> manis
omar -> mar
omara -> mara
omars -> mars
ome -> me
omeal -> meal
omeara -> meara
omega -> mega
omegaman -> megaman
omei -> mei
omen -> men
omens -> mens
omer -> mer
omers -> mers
omes -> mes
omine -> mine
ominous -> minus
omissive -> missive
omissus -> missus
omit -> mit
omore -> mre
omores -> mres
omri -> mri
omy -> my
onair -> nair
onan -> nan
onat -> nat
onauto -> naut
ond -> nd
ondo -> nd
one -> ne
onea -> nea
oneal -> neal
oneals -> neals
oneas -> neas
oneat -> neat
oneb -> neb
onec -> nec
oned -> ned
oneg -> neg
onegative -> negative
onei -> nei
oneil -> neil
oneill -> neill
onein -> nein
onel -> nel
onels -> nels
oneman -> neman
oneno -> nen
oneo -> ne
oneon -> nen
oneone -> nene
oneor -> ner
oneout -> neut
oneover -> never
oner -> ner
onera -> nera
ones -> nes
oneto -> net
onewish -> newish
onice -> nice
onin -> nin
onine -> nine
onion -> nin
onions -> nins
onit -> nit
onnow -> nnw
onone -> nne
onstar -> nstar
onus -> nus
onym -> nym
onyou -> nyu
onyx -> nyx
oocyte -> cyte
oohed -> hed
ooher -> her
oolala -> lala
oolite -> lite
oolites -> lites
oolong -> lng
oomph -> mph
oonas -> nas
ooobabybaby -> babybaby
oopak -> pak
oopsy -> psy
oorah -> rah
ootid -> tid
oozed -> zed
oozing -> zing
opacify -> pacify
opah -> pah
opahs -> pahs
opal -> pal
opalish -> palish
opals -> pals
opart -> part
opatria -> patria
opec -> pec
oped -> ped
opeds -> peds
opels -> pels
open -> pen
opena -> pena
opencase -> pencase
opencases -> pencases
opencoils -> pencils
openin -> penin
openon -> penn
opens -> pens
openset -> penset
opensets -> pensets
opento -> pent
opentoe -> pente
openup -> penup
oper -> per
opere -> pere
operon -> pern
opes -> pes
opi -> pi
opia -> pia
opie -> pie
opine -> pine
opined -> pined
opiner -> piner
opiners -> piners
opines -> pines
opining -> pining
opnin -> pnin
opps -> pps
opqrs -> pqrs
opry -> pry
opter -> pter
opts -> pts
oquinn -> quinn
orad -> rad
oral -> ral
orale -> rale
orales -> rales
orally -> rally
orama -> rama
oran -> ran
orang -> rang
orange -> range
oranges -> ranges
orangy -> rangy
orant -> rant
orants -> rants
orare -> rare
oras -> ras
orate -> rate
orated -> rated
orates -> rates
orating -> rating
orbis -> rbis
orbs -> rbs
orca -> rca
orcas -> rcas
orcs -> rcs
ordos -> rds
ords -> rds
oread -> read
oreads -> reads
oreal -> real
oreck -> reck
orees -> rees
oreg -> reg
oregano -> regan
oreilly -> reilly
orel -> rel
orels -> rels
orem -> rem
oren -> ren
orena -> rena
oreoos -> res
oreos -> res
ores -> res
orest -> rest
oreste -> reste
orgs -> rgs
orhe -> rhe
oriel -> riel
oriels -> riels
orif -> rif
orig -> rig
oriley -> riley
orin -> rin
oring -> ring
orings -> rings
oriole -> rile
orioles -> riles
orion -> rin
oris -> ris
orit -> rit
orless -> rless
oroide -> ride
oroides -> rides
oross -> rss
orout -> rut
orrs -> rrs
orts -> rts
oruro -> rur
orwe -> rwe
osage -> sage
osages -> sages
osar -> sar
osas -> sas
osay -> say
oscan -> scan
oscar -> scar
oscars -> scars
osee -> see
oser -> ser
oses -> ses
osha -> sha
oshaped -> shaped
oshay -> shay
oshea -> shea
osheas -> sheas
oship -> ship
osip -> sip
osis -> sis
osmo -> sm
ossa -> ssa
osse -> sse
osseo -> sse
ostar -> star
ostars -> stars
oste -> ste
osteal -> steal
osteen -> steen
osteo -> ste
oster -> ster
osters -> sters
ostmark -> stmark
ostmarks -> stmarks
osullivan -> sullivan
otay -> tay
otbs -> tbs
otea -> tea
otello -> tell
oteri -> teri
otero -> ter
othe -> the
otic -> tic
otilde -> tilde
otis -> tis
otitis -> titis
oto -> t
otoes -> tes
otomi -> tmi
otra -> tra
otras -> tras
otros -> trs
ottos -> tts
otts -> tts
otway -> tway
otype -> type
oulu -> ulu
ourn -> urn
ouse -> use
ousted -> usted
out -> ut
outa -> uta
oval -> val
ovals -> vals
ovaries -> varies
ovary -> vary
oven -> ven
over -> ver
overa -> vera
overs -> vers
overt -> vert
ovest -> vest
ovid -> vid
oviedo -> vied
ovine -> vine
ovines -> vines
ovis -> vis
ovoid -> vid
ovoidal -> vidal
ovoids -> vids
owar -> war
owasso -> wass
owed -> wed
owen -> wen
owens -> wens
owes -> wes
owesto -> west
oweto -> wet
owie -> wie
owing -> wing
oxer -> xer
oxes -> xes
oyer -> yer
oyers -> yers
oyes -> yes
paco -> pac
paisano -> paisan
paleo -> pale
palmettoes -> palmettes
palo -> pal
paloma -> palma
palomar -> palmar
palomas -> palmas
palos -> pals
panto -> pant
paola -> pala
paolo -> pal
pardo -> pard
pardoner -> pardner
pardoners -> pardners
pareo -> pare
parol -> parl
parole -> parle
paroquets -> parquets
paros -> pars
paseo -> pase
paso -> pas
pasto -> past
patho -> path
pathos -> paths
patootie -> pattie
patooties -> patties
paulo -> paul
pecos -> pecs
pego -> peg
pekoe -> peke
pekoes -> pekes
pencilmoustache -> pencilmustache
pension -> pensin
peon -> pen
peons -> pens
pepo -> pep
pepos -> peps
perfecto -> perfect
pero -> per
peron -> pern
perot -> pert
perou -> peru
peso -> pes
pesos -> pess
pesto -> pest
pestos -> pests
petro -> petr
pettoy -> petty
pheno -> phen
philo -> phil
phos -> phs
piao -> pia
pico -> pic
picot -> pict
picots -> picts
picto -> pict
piero -> pier
pinero -> piner
pinko -> pink
pinkos -> pinks
pino -> pin
pinot -> pint
pinots -> pints
pinto -> pint
pintos -> pints
pion -> pin
pions -> pins
pious -> pius
pisano -> pisan
pisanos -> pisans
pitots -> pitts
placido -> placid
placoid -> placid
plano -> plan
plato -> plat
platos -> plats
playboy -> playby
pleasedo -> pleased
plinko -> plink
ploy -> ply
pods -> pds
poet -> pet
poete -> pete
poets -> pets
pogos -> pgs
pogs -> pgs
poi -> pi
point -> pint
pointa -> pinta
pointer -> pinter
points -> pints
pois -> pis
poitier -> pitier
pola -> pla
poled -> pled
polos -> pls
pols -> pls
poly -> ply
poms -> pms
poohs -> phs
pooled -> pled
pools -> pls
poops -> pps
poorat -> prat
poori -> pri
poorman -> prman
poors -> prs
pope -> ppe
pops -> pps
porc -> prc
pore -> pre
pored -> pred
pores -> pres
poss -> pss
post -> pst
posts -> psts
posy -> psy
pots -> pts
pouf -> puf
poule -> pule
pour -> pur
pourer -> purer
pout -> put
pouts -> puts
prato -> prat
preop -> prep
preops -> preps
primero -> primer
primo -> prim
primos -> prims
prion -> prin
proam -> pram
proams -> prams
pros -> prs
proteam -> prteam
proteams -> prteams
pseudo -> pseud
psycho -> psych
psychos -> psychs
ptero -> pter
putto -> putt
quantico -> quantic
quarto -> quart
quartos -> quarts
queso -> ques
quinto -> quint
quito -> quit
quoi -> qui
quoin -> quin
quoit -> quit
quoits -> quits
rado -> rad
rainon -> rainn
ramos -> rams
ranchero -> rancher
rancheros -> ranchers
rancho -> ranch
rando -> rand
randos -> rands
rango -> rang
ranto -> rant
raoul -> raul
rapido -> rapid
rapinoe -> rapine
ratso -> rats
raveon -> raven
razor -> razr
razors -> razrs
reao -> rea
recook -> reck
recto -> rect
rectos -> rects
redbaron -> redbarn
redo -> red
redoing -> reding
redos -> reds
regional -> reginal
rego -> reg
relo -> rel
relos -> rels
remo -> rem
reno -> ren
reopen -> repen
reos -> res
repo -> rep
repos -> reps
repot -> rept
repro -> repr
reshoot -> resht
reshot -> resht
restoring -> restring
retroact -> retract
retroacted -> retracted
retroactive -> retractive
retroacts -> retracts
rheo -> rhe
rhino -> rhin
rico -> ric
ricoh -> rich
righto -> right
ringo -> ring
ringos -> rings
rino -> rin
riode -> ride
riodeoro -> rider
rios -> ris
riot -> rit
road -> rad
roads -> rads
roam -> ram
roams -> rams
roan -> ran
roanoke -> ranke
roans -> rans
roared -> rared
roarer -> rarer
roarin -> rarin
roaring -> raring
roaster -> raster
roasters -> rasters
robs -> rbs
roca -> rca
rocs -> rcs
rods -> rds
roeg -> reg
roes -> res
rohe -> rhe
roid -> rid
roids -> rids
roiled -> riled
roiling -> riling
rois -> ris
rolos -> rls
roms -> rms
rona -> rna
ronas -> rnas
ronco -> rnc
rondo -> rnd
rondos -> rnds
ronds -> rnds
rons -> rns
roods -> rds
roofs -> rfs
rooibos -> ribs
rooms -> rms
roosa -> rsa
roost -> rst
roots -> rts
rosa -> rsa
ross -> rss
rote -> rte
rotes -> rtes
rotos -> rts
rots -> rts
rouble -> ruble
roubles -> rubles
roue -> rue
roues -> rues
rouse -> ruse
rouses -> ruses
roush -> rush
roust -> rust
rousted -> rusted
rousting -> rusting
rousts -> rusts
rout -> rut
routs -> ruts
rover -> rver
rovers -> rvers
roving -> rving
rowe -> rwe
rowr -> rwr
roys -> rys
rufous -> rufus
rumpole -> rumple
runto -> runt
russo -> russ
sabo -> sab
saco -> sac
sacramento -> sacrament
sado -> sad
sago -> sag
sagos -> sags
salo -> sal
saluto -> salut
salvoes -> salves
samos -> sams
samosa -> samsa
sano -> san
santo -> sant
saone -> sane
saos -> sas
sarod -> sard
saros -> sars
sato -> sat
sauro -> saur
sayso -> says
saysto -> sayst
scansion -> scansin
scout -> scut
scouts -> scuts
screamo -> scream
scripto -> script
scrounge -> scrunge
scudo -> scud
sealion -> sealin
seato -> seat
seco -> sec
seemso -> seems
seeno -> seen
seesto -> seest
sego -> seg
segos -> segs
seismo -> seism
semiotic -> semitic
senso -> sens
seoul -> seul
serbo -> serb
serio -> seri
sero -> ser
servo -> serv
setto -> sett
settos -> setts
sewon -> sewn
sexto -> sext
shakeon -> shaken
shako -> shak
sheol -> shel
shero -> sher
shoe -> she
shoed -> shed
shoer -> sher
shoes -> shes
shooed -> shed
shooin -> shin
shooins -> shins
shoos -> shs
shootup -> shtup
shor -> shr
shored -> shred
shotup -> shtup
shout -> shut
shouts -> shuts
showa -> shwa
sicko -> sick
sickos -> sicks
sidero -> sider
silento -> silent
silentos -> silents
silo -> sil
sino -> sin
sion -> sin
skidoo -> skid
skidoos -> skids
skoal -> skal
smackeroo -> smacker
smackeroos -> smackers
smalto -> smalt
smasheroo -> smasher
smidgeon -> smidgen
smidgeons -> smidgens
sno -> sn
soak -> sak
soaks -> saks
soami -> sami
soandso -> sands
soane -> sane
soap -> sap
soaps -> saps
soar -> sar
soars -> sars
soas -> sas
soave -> save
soaves -> saves
soba -> sba
socio -> sci
socute -> scute
sodoi -> sdi
sods -> sds
soever -> sever
sogs -> sgs
sohos -> shs
soie -> sie
soigne -> signe
soignee -> signee
soil -> sil
soilage -> silage
soin -> sin
soir -> sir
soiree -> siree
soirs -> sirs
soit -> sit
sola -> sla
solates -> slates
soled -> sled
solid -> slid
solider -> slider
soling -> sling
soloed -> sled
soloing -> sling
solos -> sls
sols -> sls
solum -> slum
soma -> sma
son -> sn
sones -> snes
sono -> sn
soon -> sn
soopa -> spa
sooting -> sting
soots -> sts
sooty -> sty
soph -> sph
sopor -> spr
sopors -> sprs
sora -> sra
soras -> sras
soros -> srs
sorta -> srta
sosa -> ssa
sosoon -> ssn
sotol -> stl
sots -> sts
sotu -> stu
soudan -> sudan
soul -> sul
sounder -> sunder
sounders -> sunders
soup -> sup
soupers -> supers
soups -> sups
sour -> sur
sourer -> surer
sourest -> surest
sourly -> surly
sous -> sus
sousa -> susa
sowed -> swed
sowell -> swell
sowing -> swing
soys -> sys
spaghettio -> spaghetti
spano -> span
speedo -> speed
speedos -> speeds
spoiled -> spiled
spoilt -> spilt
spoof -> spf
spoofs -> spfs
spoor -> spr
spoors -> sprs
sporing -> spring
spots -> spts
spuron -> spurn
sros -> srs
standingo -> standing
standingos -> standings
station -> statin
stations -> statins
stato -> stat
stefano -> stefan
steno -> sten
stenos -> stens
stereo -> stere
stereos -> steres
sterno -> stern
sternos -> sterns
steveo -> steve
stingo -> sting
stingos -> stings
stinkeroo -> stinker
stinko -> stink
stlo -> stl
stoa -> sta
stoas -> stas
stoat -> stat
stoats -> stats
stol -> stl
stood -> std
stool -> stl
stoop -> stp
stoops -> stps
stop -> stp
stopat -> stpat
stops -> stps
stor -> str
storing -> string
storingup -> stringup
stouffers -> stuffers
strasbourg -> strasburg
strato -> strat
stro -> str
stros -> strs
sumo -> sum
sumos -> sums
suomi -> sumi
switcheroo -> switcher
synodic -> syndic
synodical -> syndical
taboo -> tab
taboos -> tabs
tacho -> tach
taco -> tac
tacos -> tacs
taio -> tai
takeo -> take
takeon -> taken
tamo -> tam
tango -> tang
tangoed -> tanged
tangos -> tangs
tanto -> tant
taos -> tas
taro -> tar
taros -> tars
tarot -> tart
tarots -> tarts
tasso -> tass
tattooed -> tatted
tattooer -> tatter
tattooers -> tatters
tattooing -> tatting
tauro -> taur
tauto -> taut
taxo -> tax
tazo -> taz
teamo -> team
teaor -> tear
teleo -> tele
telo -> tel
telos -> tels
tempo -> temp
tempos -> temps
tengo -> teng
teno -> ten
tenon -> tenn
tenoner -> tenner
tento -> tent
terato -> terat
tero -> ter
thanto -> thant
thatso -> thats
theboard -> thebard
thecoast -> thecast
thecow -> thecw
themoors -> themrs
theo -> the
theolist -> thelist
theos -> thes
theox -> thex
thereof -> theref
thermo -> therm
thermos -> therms
theroom -> therm
thicko -> thick
thickos -> thicks
thinkso -> thinks
thor -> thr
thoro -> thr
thos -> ths
thou -> thu
thous -> thus
thriveon -> thriven
thro -> thr
throuple -> thruple
throuples -> thruples
tico -> tic
ticos -> tics
tino -> tin
tinos -> tins
tinto -> tint
tio -> ti
tion -> tin
tios -> tis
tipo -> tip
tiro -> tir
tito -> tit
titos -> tits
tkos -> tks
toad -> tad
toads -> tads
toall -> tall
toan -> tan
toasted -> tasted
toastee -> tastee
toaster -> taster
toasters -> tasters
toastier -> tastier
toasting -> tasting
toasty -> tasty
toat -> tat
toboot -> tbt
todos -> tds
tods -> tds
toeat -> teat
toed -> ted
toeout -> teut
toerr -> terr
toes -> tes
toheart -> theart
tohis -> this
tohoe -> the
toi -> ti
toil -> til
toile -> tile
toiled -> tiled
toiler -> tiler
toilers -> tilers
toiles -> tiles
toiling -> tiling
toit -> tit
tomen -> tmen
toms -> tms
ton -> tn
tong -> tng
tono -> tn
tons -> tns
tonto -> tnt
too -> t
tookto -> tkt
toon -> tn
toons -> tns
toora -> tra
toots -> tts
toped -> tped
toping -> tping
topos -> tps
tops -> tps
tora -> tra
tore -> tre
toreat -> treat
torent -> trent
tori -> tri
tories -> tries
torio -> tri
toris -> tris
toros -> trs
tors -> trs
torso -> trs
tory -> try
totos -> tts
tots -> tts
toula -> tula
touring -> turing
tout -> tut
touts -> tuts
tova -> tva
towin -> twin
towit -> twit
toyger -> tyger
toying -> tying
toys -> tys
travois -> travis
trento -> trent
treo -> tre
treos -> tres
trillion -> trillin
trillo -> trill
trio -> tri
trios -> tris
tripos -> trips
troas -> tras
troi -> tri
trois -> tris
trou -> tru
trow -> trw
troy -> try
trullo -> trull
tsouris -> tsuris
tungo -> tung
turino -> turin
turnto -> turnt
twoa -> twa
twoin -> twin
typeo -> type
typo -> typ
tyro -> tyr
uhoh -> uhh
underoos -> unders
undo -> und
undoer -> under
undoers -> unders
unfounded -> unfunded
unloaded -> unladed
unloading -> unlading
unopen -> unpen
unos -> uns
unowed -> unwed
unpoco -> unpc
unspoilt -> unspilt
upcoast -> upcast
upon -> upn
uptohere -> upthere
usdo -> usd
usdot -> usdt
usgo -> usg
usoc -> usc
uto -> ut
vaio -> vai
vaso -> vas
velo -> vel
veno -> ven
venous -> venus
vero -> ver
verona -> verna
veronal -> vernal
verso -> vers
veto -> vet
video -> vide
villous -> villus
vino -> vin
vinos -> vins
viol -> vil
viola -> vila
violas -> vilas
virgo -> virg
viscous -> viscus
vivo -> viv
voice -> vice
voices -> vices
void -> vid
voids -> vids
voila -> vila
voile -> vile
voir -> vir
voteno -> vten
voteon -> vten
vows -> vws
wacko -> wack
waco -> wac
wagoner -> wagner
wahoo -> wah
wahoos -> wahs
waldo -> wald
walrusmoustache -> walrusmustache
wario -> wari
waron -> warn
washo -> wash
wasonto -> wasnt
wedo -> wed
weirdo -> weird
weirdos -> weirds
westeros -> westers
weto -> wet
whamo -> wham
whoa -> wha
whoam -> wham
wingo -> wing
wino -> win
winos -> wins
woad -> wad
woads -> wads
woah -> wah
woes -> wes
woeto -> wet
woim -> wim
woks -> wks
woods -> wds
wooed -> wed
wooing -> wing
woreon -> wren
xero -> xer
xeroxes -> xerxes
xolos -> xls
xoxox -> xxx
xoxoxo -> xxx
yahoo -> yah
yazoo -> yaz
yello -> yell
yeoh -> yeh
yeomen -> yemen
yeow -> yew
yeows -> yews
yods -> yds
youmans -> yumans
young -> yung
youok -> yuk
zeno -> zen
zero -> zer
zion -> zin
zions -> zins
zito -> zit
zoomed -> zmed
