BACTRIAN + camel = bactriancamel
BACTRIANS + camel = bactriancamels
AST + camel = camelast
ATE + camel = camelate
ATER + camel = camelater
BACK + camel = camelback
BACKTRUSS + camel = camelbacktruss
BACKTRUSSES + camel = camelbacktrusses
BAK + camel = camelbak
BAKS + camel = camelbaks
CALVES + camel = camelcalves
CARAVAN + camel = camelcaravan
CASE + camel = camelcase
CAVALRY + camel = camelcavalry
CORPS + camel = camelcorps
EER + camel = cameleer
EERS + camel = cameleers
HAIR + camel = camelhair
HAIRJACKET + camel = camelhairjacket
HAIRJACKETS + camel = camelhairjackets
ID + camel = camelid
IDS + camel = camelids
LIA + camel = camellia
LIAS + camel = camellias
OOSE + camel = cameloose
OPARD + camel = camelopard
OPARDS + camel = camelopards
OT + camel = camelot
POSE + camel = camelpose
POSES + camel = camelposes
RACE + camel = camelrace
RACER + camel = camelracer
RACERS + camel = camelracers
RACES + camel = camelraces
RACING + camel = camelracing
S + camel = camels
SHAIR + camel = camelshair
SHAIRCOAT + camel = camelshaircoat
SPIN + camel = camelspin
SPINS + camel = camelspins
DROMEDARY + camel = dromedarycamel
DROMEDARYS + camel = dromedarycamels
JOE + camel = joecamel
QUESTFOROT + camel = questforcamelot
SOPWITH + camel = sopwithcamel
SOPWITHS + camel = sopwithcamels
THESOPWITH + camel = thesopwithcamel
